"Identificador";"Nome completo";"Curso (abrev.)";"Dt. falta";"Tipo falta";"Materia ou módulo";"Sesión";"Xustificada";
"00000000A";"Apelidos, Nome1";"ADSIINRE";"18/09/2026";"Asistencia";"Itinerario persoal para a empregabilidade II";"6";"Non";
"00000000B";"Apelidos, Nome2";"DAW";"23/09/2026";"Asistencia";"Habilidades comunicativas en lingua estranxeira - Inglés (GS)";"2";"Non";
"00000000B";"Apelidos, Nome2";"DAW";"10/09/2026";"Asistencia";"Deseño de interfaces web";"2";"Non";
"00000000B";"Apelidos, Nome2";"DAW";"10/09/2026";"Asistencia";"Afondamento nas competencias profesionais (GS)";"1";"Non";
"00000000C";"Apelidos, Nome3";"DAW";"10/09/2026";"Asistencia";"Afondamento nas competencias profesionais (GS)";"1";"Non";
"00000000D";"Apelidos, Nome4";"1 DAM";"23/09/2026";"Asistencia";"Sistemas informáticos";"1";"Si";
"00000000D";"Apelidos, Nome4";"1 DAM";"25/09/2026";"Asistencia";"Sostibilidade aplicada ao sistema produtivo";"1";"Si";
"00000000D";"Apelidos, Nome4";"1 DAM";"21/09/2026";"Asistencia";"Sistemas informáticos";"2";"Si";
"00000000D";"Apelidos, Nome4";"1 DAM";"28/09/2026";"Asistencia";"Sistemas informáticos";"2";"Non";
"00000000D";"Apelidos, Nome4";"1 DAM";"01/10/2026";"Asistencia";"Bases de datos";"2";"Si";
"00000000D";"Apelidos, Nome4";"1 DAM";"01/10/2026";"Asistencia";"Bases de datos";"3";"Si";
"00000000E";"Apelidos, Nome5";"1 DAM";"25/09/2026";"Asistencia";"Itinerario persoal para a empregabilidade I";"4";"Non";
"00000000E";"Apelidos, Nome5";"1 DAM";"25/09/2026";"Asistencia";"Sostibilidade aplicada ao sistema produtivo";"1";"Si";
"00000000E";"Apelidos, Nome5";"1 DAM";"23/09/2026";"Asistencia";"Sistemas informáticos";"2";"Si";
"00000000E";"Apelidos, Nome5";"1 DAM";"14/09/2026";"Asistencia";"Itinerario persoal para a empregabilidade I";"6";"Non";
"00000000E";"Apelidos, Nome5";"1 DAM";"18/09/2026";"Asistencia";"Itinerario persoal para a empregabilidade I";"4";"Non";
"00000000F";"Apelidos, Nome6";"1 DAM";"23/09/2026";"Asistencia";"Sistemas informáticos";"2";"Si";
"00000000F";"Apelidos, Nome6";"1 DAM";"21/09/2026";"Asistencia";"Sistemas informáticos";"1";"Si";
"00000000F";"Apelidos, Nome6";"1 DAM";"21/09/2026";"Asistencia";"Sistemas informáticos";"2";"Si";
"00000000F";"Apelidos, Nome6";"1 DAM";"25/09/2026";"Asistencia";"Sostibilidade aplicada ao sistema produtivo";"1";"Si";
"00000000G";"Apelidos, Nome7";"2 DAM";"02/10/2026";"Asistencia";"Itinerario persoal para a empregabilidade II";"4";"Non";
"00000000G";"Apelidos, Nome7";"2 DAM";"14/09/2026";"Asistencia";"Dixitalización aplicada aos sectores produtivos (GS)";"3";"Si";
"00000000G";"Apelidos, Nome7";"2 DAM";"25/09/2026";"Asistencia";"Itinerario persoal para a empregabilidade II";"4";"Non";
"00000000H";"Apelidos, Nome8";"2 DAM";"18/09/2026";"Asistencia";"Acceso a datos";"6";"Non";
"00000000H";"Apelidos, Nome8";"2 DAM";"02/10/2026";"Asistencia";"Acceso a datos";"4";"Non";